id;ar_full_name;en_full_name;birth_date;hijri_birth_date;id_expiry_date;hijri_id_expiry_date;id_copy_number;issue_place;mobile;license_expiry_date;address;national_address;work_address
1;web-readiness;JBOD Books;2019-06-19T11:30:48;18547;2019-06-19T19:48:42;38396;93906;primary Supervisor proactive;Fantastic Sleek Granite Tuna Utah;2019-06-20T01:59:08;drive Practical killer;monitor Adaptive;Inlet
2;systematic;program;2019-06-19T18:22:03;4209;2019-06-20T01:51:06;1787;91033;Practical Wooden Shirt whiteboard Concrete;Data open-source Generic;2019-06-19T22:29:03;SCSI Communications Underpass;Officer parse;Intuitive
3;quantifying Phased connecting;Automated;2019-06-20T04:16:10;38409;2019-06-20T03:12:52;3673;18643;neural wireless Generic Frozen Bike;Cambridgeshire Personal Loan Account Chile;2019-06-20T02:15:38;Buckinghamshire Buckinghamshire;Salad indexing Pre-emptive;generate
4;Personal Loan Account;SDD Trail;2019-06-19T23:07:05;26560;2019-06-20T01:57:18;12951;47667;Tasty Fresh Pizza Jewelery monitoring;Russian Federation Gorgeous ROI;2019-06-19T23:33:42;neutral;Sleek Granite Car Integration Handcrafted;Tasty backing up Cambridgeshire
5;Borders Internal;open-source Ouguiya;2019-06-19T18:55:43;86449;2019-06-20T02:05:50;73390;87862;optical deposit;Pizza Fish next-generation;2019-06-20T02:46:39;Quality Generic El Salvador Colon US Dollar;Salad;Accountability Burg SAS
6;Fresh;Reduced Corporate;2019-06-20T08:28:45;81796;2019-06-19T19:09:28;83213;75663;Adaptive black;Money Market Account;2019-06-19T08:57:28;deposit exuding;Beauty synthesizing;Gorgeous
7;Beauty web services copying;deposit Mobility;2019-06-20T06:02:45;78880;2019-06-19T10:00:46;17375;68788;Tasty Plastic Keyboard application Handmade Rubber Shoes;Generic Steel Car SCSI;2019-06-19T08:44:34;Yemeni Rial Shoals deposit;navigate Movies;copying
8;Buckinghamshire compress;Grocery Ball Wells;2019-06-19T09:50:35;42618;2019-06-20T06:03:12;45138;85420;Serbia;Guinea Franc fuchsia Licensed;2019-06-19T16:10:27;deposit;XSS;Chair mindshare Interactions
9;THX Coordinator;grid-enabled Specialist e-services;2019-06-19T11:02:52;72442;2019-06-20T02:59:14;74583;21310;Outdoors;array Utah;2019-06-19T21:11:22;Vietnam Mouse;SDD;Cheese Summit Saint Martin
10;Auto Loan Account;4th generation;2019-06-19T10:37:20;92084;2019-06-19T09:17:09;61665;18545;Manors Music Savings Account;Ethiopian Birr architectures;2019-06-20T03:41:36;Avon;payment;maximized
