id;contract_number;contract_sign_date;contract_start_date;contract_end_date;contract_sign_location;extended_to;extended_times;rent_duration;rent_day_cost;rent_hour_cost;odometer_km_before;allowed_late_hours;late_hour_cost;allowed_km_per_day;allowed_km_per_hour;car_transfer_cost;receive_location;return_location;early_return_policy;contract_extension_mechanism;accidents_and_fault_reporting_mechanism;odometer_km_after;late_hours;oil_change_time
1;66519;2019-06-19T17:17:45;2019-06-19T19:57:09;2019-06-19T10:43:03;structure Maryland;indexing models e-enable;46267;62410;30137;53978;74760;43874;50272;57748;23221;35536;disintermediate Mali Unbranded Concrete Soap;Cotton Tactics;array Belize Dollar;optical;Borders reboot;57315;78859;2019-06-19T08:33:42
2;15167;2019-06-19T14:26:54;2019-06-20T01:01:29;2019-06-19T15:32:19;1080p;Electronics;56988;71406;76245;49398;87676;75463;34208;10291;82125;53648;generate;Rubber syndicate;Cameroon Bedfordshire models;driver payment Mexican Peso Mexican Unidad de Inversion (UDI);port Money Market Account;82679;18159;2019-06-19T09:29:18
3;90845;2019-06-20T00:17:08;2019-06-19T18:30:17;2019-06-20T03:02:58;vortals value-added;Salad Connecticut;50588;10079;61145;25601;1811;72609;87212;59296;93211;10221;International solid state;alarm;quantify;Checking Account markets;Unbranded programming District;12281;11323;2019-06-20T02:50:39
4;98484;2019-06-20T04:32:01;2019-06-19T12:22:21;2019-06-20T04:02:03;programming;FTP;51883;22739;59127;60789;39900;37930;5476;74424;33519;20557;auxiliary Money Market Account Cotton;Switzerland Chief;Inlet Rue;Path Assimilated Unions;Devolved;57763;49836;2019-06-20T04:32:01
5;41892;2019-06-20T07:41:34;2019-06-19T10:33:00;2019-06-20T01:01:50;multi-byte modular;Electronics;66353;51517;17803;97554;96107;45898;14866;55730;41462;86063;Zimbabwe;Bedfordshire;application scale;indigo National;Expressway;62497;3654;2019-06-19T23:26:26
6;47206;2019-06-19T12:25:43;2019-06-19T18:57:00;2019-06-19T18:24:26;reciprocal;Mountain Malaysia supply-chains;40076;49701;55964;76535;15524;10298;18192;33436;86178;7550;navigate didactic Dynamic;schemas Industrial;calculating;withdrawal Toys white;olive;50550;1971;2019-06-19T18:13:30
7;10410;2019-06-20T00:21:49;2019-06-19T13:18:29;2019-06-19T18:50:22;THX;Re-contextualized Licensed;24317;98872;72226;60319;85569;80685;83021;96264;39718;94440;Concrete empower superstructure;Kids;microchip;Music Salad North Carolina;circuit Forward;62476;34181;2019-06-20T00:26:43
8;25942;2019-06-19T12:42:13;2019-06-19T23:23:36;2019-06-19T23:47:33;Computers generating;users Guinea;43612;86106;29446;21951;94845;97454;76360;77975;14011;11423;Missouri Agent Squares;supply-chains;Bedfordshire;Peru withdrawal Down-sized;invoice;42170;98440;2019-06-20T05:19:53
9;52569;2019-06-19T10:53:33;2019-06-20T04:23:08;2019-06-19T15:55:00;Armenian Dram;Global Soft Missouri;27405;6717;55417;40524;65142;49746;82974;72020;20642;10657;Wooden;Future;pixel Phased payment;Towels Internal;seize generate;42203;4696;2019-06-20T00:00:47
10;16628;2019-06-19T09:29:57;2019-06-19T14:47:36;2019-06-20T04:04:52;Generic;Business-focused generate grid-enabled;35567;91551;71904;72153;29712;61040;56640;94930;47605;39664;Factors Soft;black Beauty;Soap;Refined Granite Sausages Savings Account extensible;Course robust bricks-and-clicks;41279;49549;2019-06-19T15:35:16
